Rank,Industry,Sector,Relative Strength,Percentile,1 Month Ago,3 Months Ago,6 Months Ago,Tickers
1,Utilities—Independent Power Producers,Utilities,190.97,99,99,99,99,"WAVE,VST,NRG,TAC"
2,Silver,Basic Materials,138.04,99,93,89,95,"EXK,SVM,MAG,AG,PAAS,FSM"
3,Other Precious Metals & Mining,Basic Materials,126.88,98,85,75,96,"GATO,PPTA,ASM,PLG,SILV,ITRG,MTA,NEWP,MUX,HYMC,GROY,BVN,AUMN"
4,Railroads,Industrials,121.67,98,96,56,91,"RAIL,GBX,WAB,TRN,NSC,CP,CSX,UNP,CNI,FSTR"
5,Consumer Electronics,Technology,119.24,97,96,99,96,"ATER,KOSS,VOXX,HBB,VIOT,HEAR,VZIO,AAPL,SONY,SONO,MSN,LPL,UEIC,GPRO,VUZI,IRBT"
6,Travel Services,Consumer Cyclical,118.56,96,87,57,82,"TZOO,RCL,MMYT,TCOM,DESP,CCL,NCLH,TOUR,LIND,BKNG,EXPE,TNL,YTRA,TRIP"
7,Drug Manufacturersâ€”Specialty & Generic,Healthcare,116.43,96,97,82,94,"AQST,AMRX,AMPH,ACB,ANIP"
8,Engineering & Construction,Industrials,115.95,95,95,95,98,"AGX,IESC,TPC,WLDN,LMB,STRL,GVA,ROAD,PRIM,FIX,EME,MTZ,GLDD,PWR,DY,TTEK,JCI,FLR,ACM,J,AMRC,KBR,MTRX,RCMT,STN,APG,BLD,NVEE,MYRG,ORN,BBCP,ENG"
9,Softwareâ€”Application,Technology,114.97,95,91,62,90,"APP,AEYE,AGMH,ALKT,APPS,ADSK,ACVA,API,AGYS,AMST,ANSS,ANY,APPF,ALIT,ALRM,ASAN"
10,Real Estateâ€”Development,Real Estate,113.04,94,89,51,0,"AEI,ARL"
11,Pollution & Treatment Controls,Industrials,112.45,93,80,26,15,"PCT,PCTTU,TOMZ,ERII,CLWT,FSS,CLIR,FTEK,LIQT"
12,Publishing,Communication Services,111.85,93,79,86,73,"GCI,LEE,DALN,DJCO,EDUC,NYT,PSO,RELX,SCHL"
13,Gold,Basic Materials,110.08,92,93,91,90,"CDE,IAG,NGD,GAU,HMY,KGC,VGZ,HL,AEM,USAU,DRD,AGI,CMCL,ORLA,SA,OR,AU,WPM,THM,EGO,CGAU,RGLD,BTG,GOLD,SAND,EQX,NEM,FNV,GLDG,SBSW,GFI,PZG,NG,TRX,SSRM,NFGC,GORO"
14,Uranium,Energy,109.78,91,23,1,88,"LEU,UEC,CCJ,DNN,NXE,UROY,UUUU,URG"
15,Rental & Leasing Services,Industrials,108.62,91,83,69,65,"WLFC,FTAI,HRI,URI,FPAY,PRG,R,UHAL,GATX,HEES,MGRC,AL,WSC,CAR,CTOS,ALTG"
16,Healthcare Plans,Healthcare,107.79,90,90,92,32,"CLOV,ALHC,OSCR,UNH,CI,MOH,CVS,CNC,HUM,MPLN"
17,Capital Markets,Financial Services,107.57,90,72,77,75,"FUTU,HUT,TIGR,IBKR,PWP,PIPR,SIEB,EVR,VIRT,FRHC,SF,CIFR,PJT,OPY,LAZ,MS,RJF,MKTX,HLI,WHG,GS,MC,TW,MARA,SRL,SNEX,BITF,AMRK,COHN,LPLA,SCHW,AC,DFIN,BTCM,NMR,BTCS,ATIF,XP,MFH,HGBL"
18,Telecom Services,Communication Services,106.61,89,88,94,27,"ASTS,LUMN,CXDO,TDS,FYBR,IDCC,TIGO,VEON,IDT,USM,TMUS,TEO,RBBN,OOMA,T,CCOI,ATUS,LILA,KT,LILAK,ATNI,TEF,RDCM,SKM,CNSL,VZ,VOD,TKC,CHT,PHI,VIV,ATEX,SPOK,TU,BCE,AMX,IRDM,RCI,TLK,TIMB,GSAT,VATE,SIFY,SHEN,GOGO,CABO,UCL,ANTE"
19,Electrical Equipment & Parts,Industrials,105.94,88,37,24,41,"LTBR,EOSE,POWL,VRT,EAF,BW,ESP,BDC,AYI,PPSI,HUBB,RFIL,AZZ,BMI,NVT,HAYW,APWC,AEIS,ENR,SVT,CBAT,ENS,IPWR,PLPC,OESX,ULBI,POLA,BE,KE,FLUX,PLUG,OPTT,ATKR,FCEL,MVST"
20,Communication Equipment,Technology,105.31,88,78,41,14,"INSG,COMM,BKTI,UI,AIRG,PI,ERIC,ITI,SATS,VISL,INFN,LITE,ZBRA,NTGR,MSI,CIEN,FEIM,NOK,FKWL,CLFD,HPE,VIAV,DGII,CSCO,JNPR,KN,CMTL,ADTN,ITRN,BOSC,CRNT,ONDS,EXTR,GILT,KVHI,UTSI,AUDC,LTRX,HLIT,SILC,OCC,CLRO,SONM,AVNW,NTIP,AMPG,BOXL,VSAT,CMBM,AKTS,SYTA"
21,Copper,Basic Materials,105.28,87,86,59,98,"HBM,SCCO,ERO,FCX"
22,REITâ€”Retail,Real Estate,104.34,87,95,97,59,"AKR,ADC,ALX"
23,Insurance—Property & Casualty,Financial Services,104.02,86,91,98,97,"KINS,ROOT,MCY,HRTG,HCI,PLMR,AXS,PGR,TRV,CINF,CNFR,LMND,NMIH,DGICB,STC,CB,THG,KMPR,DGICA,CNA,SIGIP,NODK,UVE,PRA,WRB,HMN,RLI,GBLI,KNSL,WTM,L,MKL,SAFT,SIGI,UFCS"
24,Credit Services,Financial Services,103.18,85,90,70,62,"QFIN,UPST,LX,NISN,LC,XYF,FOA,YRD,LU,ENVA,SOFI,SNFCA,SYF,AIHS,DFS,AXP,PYPL,COF,GDOT,FINV,MFIN,EZPW,ATLC,QD,NNI,SLM,MA,ATLCP,BBDC,PMTS,CPSS,V,LMFA,RM,IX,OMF,AGM,SLMBP,ALLY,SNTG,WRLD,GSBD,NAVI,CACC,PRAA,FCFS,PT,LPRO,WU,OCSL,OPRT"
25,REIT—Healthcare Facilities,Real Estate,102.82,85,85,87,50,"WELL,VTR,CTRE,GEO,DHC,SBRA,NHI,OHI,DOC,HR,HTIA,LTC,MPW,GMRE,UHT,CHCT"
26,Insurance—Reinsurance,Financial Services,102.73,84,92,98,87,"OXBR,RNR,RGA,SPNT,GLRE,MHLD"
27,Banks—Diversified,Financial Services,102.41,83,69,80,93,"BCS,NWG,CM,EWBC,WFC,RY,BAC,JPM,C,HSBC,BNS,UBS,NTB,ING,SAN,BMO,SMFG,BBVA,MUFG,TD"
28,Real Estate Services,Real Estate,102.36,83,98,52,22,"DUO,LODE,REAX,NMRK,BEKE,RDFN,JLL,CBRE,AXR,CWK,BPYPO,CIGI,RMAX,BPYPP,GYRO,FTHM,FSV,CSR,MLP,MMI,KW,EXPI,FRPH,GBR,RMR,MAYS,CSGP,TCI,OPEN,UK,OPAD,MDJH"
29,Real Estate—Diversified,Real Estate,102.04,81,73,45,58,"CHCI,NEN,JOE,STRS,VINO"
30,Electronic Components,Technology,102.04,81,63,53,74,"NEON,CLS,REFR,GLW,BELFA,BHE,FLEX,PLXS,FN,APH,TTMI,RELL,VICR,BELFB,CTS,DSWL,SANM,TEL,LYTS,JBL,LFUS,KULR,LGL,LPTH,OSIS,OUST,LINK,NSYS,ELTK,DAIO,IMTE,SGMA,ROG,KOPN,CPSH,MEI,WBX"
31,Insurance—Specialty,Financial Services,102.04,81,75,93,52,"TRUP,ITIC,RYAN,ICCH,FNF,MTG,FAF,TIPT,EIG,RDN,MBI,JRVR"
32,REITâ€”Specialty,Real Estate,101.43,80,94,96,46,"AFCG,AMT"
33,Internet Retail,Consumer Cyclical,101.36,80,81,80,87,"CVNA,AKA,IPW,HEPS,JD,RVLV,RERE,CPNG,CHWY,MELI,EBAY,BABA,BZUN,JMIA,AMZN,GLBE,LQDT,QRTEP,OCG,JWEL,PDD,VIPS,DADA,MOGU,NHTC,DIBS,W,NEGG,QRTEA,QRTEB,YJ,ETSY,PRTS,LITB,TDUP"
34,REIT—Specialty,Real Estate,101.35,79,77,93,24,"IRM,PW,HASI,OUT,LAMR,UNIT,EQIX,GLPI,SBAC,CCI,CXW,FPI,RYN,WY,PCH"
35,Residential Construction,Consumer Cyclical,101.27,79,99,96,85,"TOL,GRBK,HOV,TMHC,NVR,MHO,SKY,KBH,PHM,CVCO,DHI,LEN,TPH,MTH,LEGH,DFH,CCS,BZH,LGIH"
36,Real Estate—Development,Real Estate,101.24,78,98,47,38,"XIN,FPH,FOR,LSEA"
37,Banks—Regional,Financial Services,101.2,77,75,81,56,"GGAL,BMA,BBAR,SUPV,VBFC,NBN,FSFG,NECB,CCB,BSVN,DCOM,HTLF,HMST,OPBK,CPF,GBCI,EVBN,MPB,ISTR,FUNC,WAL,HAFC,MTB,SASR,SMBK,COLB,KB,SNV,UNTY,BANR,HIFS,ORRF,HWBK,COFS,QCRH,EQBK,MRBK,CFBK,BMRC,CARE,FBK,SYBT,FITB,SFBS,SBFG,CMA,EGBN,HBNC,IROQ,IBTX,KEY,SFBC,PRK,RBB,NBHC,VBTX,PGC,ESQ,BSRR,SMBC,PWOD,CFG,SFNC,UMBF,FSBW,PDLB,EBMT,PNFP,TCBI,UVSP,CASH,IBCP,PBHC,IFS,RBCAA,FFNW,FSBC,FCAP,WASH,FBMS,CBU,FCCO,TMP,RF,ZION,HBCP,BCOW,CBAN,CADE,FMAO,HBAN,MCB,CZWI,BLX,TRMK,CAC,BOKF,NRIM,CFR,FFIC,FHN,EFSC,BWB,BAP,DB,EBC,PNC,FISI,BOH,FBNC,INBK,BKU,CBFV,GABC,BANC,MCBS,SFST,BRKL,MOFG,BHB,CCNE,CNOB,WTBA,CTBI,AX,EBTC,WTFC,CATY,BYFC,CFFI,HTBI,USB,BFST,TBBK,PKBK,SHG,VABK,SPFI,LYG,FBIZ,SHBI,CIVB,BANF,IBN,SSB,CFFN,BY,FXNC,FMBH,FULTP,DCOMP,FIBK,HFWA,HWC,CCBG,PFS,FFIN,VLY,FUSB,BHLB,FGBIP,MBINN,BFIN,FHB,FCF,PBFS,NBTB,HOPE,CVBF,LSBK,MBCN,TBNK,OPOF,WAFD,BCML,FFWM,PFC,WSBF,PROV,WBS,INDB,OPHC,FCNCP,BOTJ,WNEB,FFBC,FCBC,OCFC,TFC,NFBK,OBT,HOMB,VLYPP,FVCB,CBSH,RBKB,FLIC,CNOBP,CFB,TOWN,BWBBP,PB,FITBO,RNST,CBNK,PFBC,MYFW,IBOC,FCNCA,PLBC,RMBI,TCBK,OSBC,MNSBP,BWFG,PCB,BSBK,ONB,UBFO,UNB,FULT,STBA,AUB,HBANM,FBP,TCBIO,HTBK,CHCO,CCNEP,UBCP,WF,SRCE,BCBP,TRST,FDBC,GNTY,BFC,SBCF,MBWM,AUBN,NWBI,UBSI,FRME,PPBI,ESSA,FNB,MBINO,MGYR,BPRN,LKFN,HDB,THFF,MBNKP,HBT,WSBC,BCH,NKSH,MSBI,WSFS,KRNY,LOB,LCNB,FNLC,PFIS,HONE,FITBP,PBBK,GLBZ,FRBA,BSAC,BRBS,GSBC,FSEA,SBSI,BLFY,BUSE,LARK,OFG,FMNB,ITUB,TSBK,CIB,ASRV,MFG,BPOP,CHMG,NWFL,WTFCM,OVLY,VLYPO,RRBI,PNFPP,FITBI,WABC,BBD,WMPN,FRST,CZNC,PEBO,CWBC,FRAF,HTLFP,WSBCP,PVBC,CARV,HTH,CLBK,OZK,MNSB,OCFCP,WTFCP,BBDO,TECTP,ZIONO,TFSL,MVBF,OVBC,HFBL,GCBC,RVSB,FGBI,BSBR,MBIN,PEBK,AVAL,FNWB,ATLO,CUBI,SBT,SSBI,KFFB,PNBK"
38,Banksâ€”Regional,Financial Services,100.8,77,74,90,77,"AMAL,ABCB,AFBI,ALRS,ASB,AROW,ACNB,AMTB"
39,Other Industrial Metals & Mining,Basic Materials,100.22,76,32,8,16,"UAMY,USAS,SLI,TGB,NAK,LGO,MP,FURY,TMQ,LAC,WWR,NEXA,TECK,EMX,PLL,BHP,XPL,RIO,MTRN,WRN,VALE,TMC,GSM,CMP,NMG,CHNR"
40,Insurance—Life,Financial Services,100.05,75,65,49,44,"CIA,MFC,CNO,PRI,LNC,MET,UNM,BHFAN,PRU,BHFAP,BHFAO,GL,GNW,BHF,PUK"
41,Grocery Stores,Consumer Defensive,99.72,75,80,74,46,"DDL,SFM,NGVC,CASY,ARKO,KR,VLGEA,DNUT,WMK,ACI,IMKTA,GO,ASAI"
42,Financial Data & Stock Exchanges,Financial Services,99.11,74,72,78,42,"NDAQ,ICE,VALU,MCO,CBOE,MORN,CME,SPGI,MSCI,FDS"
43,Aluminum,Basic Materials,98.93,74,32,25,99,"CENX,AA,KALU,CSTM"
44,Specialty Industrial Machinery,Industrials,98.78,73,71,76,86,"AMSC,KRNT,HWM,CSWI,B,GTEC,CW,PSN,TT,SPXC,GNRC,CYD,MWA,MMM,GE,LII,ETN,PNR,EPAC,PH,LXFR,CMI,GTES,FLS,TAYD,GHM,CR,ITT,DOV,IR,JBT,RRX,KAI,OTIS,HURC,DCI,SXI,XYL,GRC,TRS,EMR,ITW,TPIC,HLIO,AME,HON,ROP,NDSN,NPO,MIDD,ROK,WTS,GGG,IEX,FELE,AOS,TNC,GTLS,THR,OFLX,TWIN,BWEN,CVV,HI,BLDP"
45,Mortgage Finance,Financial Services,98.39,72,88,88,83,"TREE,RKT,IOR,WD,COOP,VEL,PFSI,MRCC,LDI,HTGC,ESNT,GHLD,EFC,ECPG,UWMC,CNF,ASPS"
46,Airlines,Industrials,98.14,72,20,4,24,"UAL,SKYW,ULCC,DAL,ALK,LUV,AAL,JBLU,CPA,VLRS,ALGT,RYAAY,MESA,SNCY,SAVE,AZUL"
47,REIT—Diversified,Real Estate,97.97,71,69,72,48,"CLPR,BRDG,OGCP,FISK,EPRT,UE,GOOD,GOODO,MDRRP,OLP,BNL,GOODN,ESBA,SAFE,ESRT,CTO,MDRR,VICI,DBRG,LXP,NREF,WPC,SQFT,BRSP,SQFTP"
48,Utilities—Regulated Electric,Utilities,97.86,70,82,72,61,"EDN,PAM,CEPU,KEN,ETR,D,NEE,EIX,SO,CMS,LNT,PPL,DUK,PCG,KEP,EVRG,DTE,WEC,FE,PNW,ED,ES,OGE,XEL,FTS,POR,VIASP,IDA,CNP,NGG,ENIC,GNE,EBR"
49,Insurance—Diversified,Financial Services,97.85,70,54,54,63,"IGIC,GSHD,EQH,HIG,SLF,ORI,ESGR,PFG,WDH,FGFPP,FGF,ESGRP,ESGRO"
50,Building Products & Equipment,Industrials,97.74,69,84,87,93,"SWIM,AAON,PPIH,TGLS,ASPN,LPX,APOG,AWI,CARR,CSL,MAS,AZEK,OC,IBP,BLDR,GMS,APT,SSD,WMS,BECN,BXC,NX,TREX,ROCK,JELD,CSTE,JBI,AEHL"
51,Building Materials,Basic Materials,97.72,69,64,48,89,"USLM,LOMA,CRH,MDU,EXP,SUM,CPAC,MLM,VMC,SMID,JHX,CX,RETO"
52,REIT—Office,Real Estate,97.58,67,62,63,37,"VNO,SLG,HIW,PDM,BXP,CUZ,DEI,DLR,KRC,BDN,JBGS,DEA,CIO,NYC,GNL,PGRE,COR,PSTL,EQC,FSP,HPP,OPI,CMCT"
53,Information Technology Services,Technology,97.58,67,54,61,33,"GDS,INOD,VNET,CLPS,AFRM,LDOS,PSFE,CACI,GDYN,FIS,PRTH,WYY,PAY,TWKS,CTLP,EXLS,IBM,WIT,UIS,IT,SAIC,SABR,NSIT,GB,G,INFY,JKHY,DMRC,ACN,FORTY,SNX,DNB,IIIV,BR,GIB,CTSH,AI,DXC,CDW,HCKT,RSSS,TLS,CNDT,CSPI,TASK,NABL,DLB,CLVT,IMXI,TDC,III,FLYW,WNS,EPAM,DTST,USIO,ISDR,RAMP,XRX,CNXC,TTEC"
54,Chemicals,Basic Materials,97.3,67,66,40,58,"VHI,RYAM,FF,APD,EMN,MTX,ASIX,WLKP,SQM,LXU,HUN,DOW,CE,BAK,MEOH,TROX"
55,REIT—Residential,Real Estate,97.01,66,76,90,43,"IRT,NXRT,AVB,ESS,CPT,EQR,UMH,UDR,MAA,SUI,ELS,INVH,BRT"
56,Business Equipment & Supplies,Industrials,96.31,66,79,91,85,"PBI,HNI,EBF,AVY,ACCO,SCS"
57,Packaged Foods,Consumer Defensive,96.14,65,56,62,68,"LSF,JVA,LWAY,LFVN,BRFS,FRPT,PPC,K,SENEB,BRBR,INGR,STKL,POST,PETZ,SENEA,MKC,CVGW,JJSF,HAIN,UTZ,CPB,LW,LEXX,GIS,NOMD,KHC,CAG,PLAG,LANC,BGS,BYND,FLO,HRL,SJM,DAR,SMPL,THS,JBSS,CENT,CENTA,BRID,NAII,FARM,HLF,SNAX,FAMI,BTTR,NUZE"
58,Software—Application,Technology,96.07,64,38,29,39,"MSTR,RCAT,JG,QH,ZETA,GVP,BMTX,YOU,QTWO,OPFI,BTBT,SNCR,CVLT,FICO,COMP,BLND,MNDY,GWRE,DBD,COIN,PRCH,TTD,MTTR,RDVT,PAR,VERX,PEGA,INTA,DSP,PHUN,KARO,CLSK,SAP,UBER,DOCU,CREX,NOW,NTWK,SHOP,TYL,DUOT,OCFT,SMAR,AZPN,SRAD,PLUS,YMM,NCNO,ZM,AWRE,SPNS,MANH,CRM,DT,DSGX,PRGS,ENV,DDOG,LYFT,BLKB,GLOB,IBEX,DCBO,SEMR,SSNC,PCTY,PTC,CALX,RIOT,HUBS,RNG,ASUR,IMMR,CDNS,LSPD,MTLS,MNDO,MGIC,LPSN,VTEX,INTU,IDN,ZDGE,TEAM,INST,WDAY,BSY,DOMO,KC,U,OTEX,ONTF,RPD,PDFS,WK,OLO,NICE,BCOV,MRIN,FROG,PCOR,WFCF,JAMF,BILL,YALA,RSKD,PAYC,PUBM,PD,XELA,UPLD,SNOW,SMRT,ESTC,ZI,MAPS,EGHT,EGAN,FRSH,BIGC,SSTI,RMNI,MITK,MOGO,JFU,BMBL,PRO,MTC,CXM,FSLY,DV,OLB,PALT,SPT,CRNC,FTFT,EB,OBLG,VERB,IFBD,MYSZ,LAZR,INTZ,NRDY,AUUD,SMSI"
59,Softwareâ€”Infrastructure,Technology,96.02,64,33,53,20,"ALLT,ACIW,ALTR,APPN,AKAM,ARBE,ADBE,ARQQ"
60,Food Distribution,Consumer Defensive,95.85,63,74,27,9,"UNFI,CHEF,USFD,WILC,PFGC,SYY,SPTN,HFFG,ANDE,DIT"
61,Personal Services,Consumer Cyclical,95.82,62,61,79,10,"RGS,FTDR,BFAM,HRB,CSV,EM,SCI,ROL,WW,MED,MRM"
62,Lodging,Consumer Cyclical,95.59,62,41,24,36,"HLT,IHG,HTHT,MAR,H,WH,CHH,GHG,INTG"
63,Gambling,Consumer Cyclical,95.38,61,66,66,37,"RSI,GAN,AGS,EVRI,CHDN,ACEL,DKNG,GAMB,IGT,CPHC,SBET"
64,Oil & Gas Midstream,Energy,95.3,61,63,74,77,"TRGP,DTM,VNOM,GLNG,BROG,MMLP,KMI,WMB,ALTM,OKE,GLP,TRP,PBA,ENLC,ENB,MPLX,DLNG,AM,ET,WES,LNG,GEL,EPD,HESM,PAGP,SGU,PAA,NVGS,DHT,CQP,TK,DKL,FLNG,FRO,LPG,STNG,TNK,TRMD"
65,Insuranceâ€”Property & Casualty,Financial Services,95.29,60,87,88,92,"ALL,AFG"
66,REIT—Retail,Real Estate,95.24,59,52,60,34,"WHLRP,WHLRD,MAC,SKT,SPG,BRX,KIM,KRG,GTY,WSR,ROIC,REG,PINE,O,FRT,EPR,NNN,BFS,PECO,NTST,SRG,SITC,WHLR"
67,Lumber & Wood Production,Basic Materials,95.12,59,83,65,80,"WFG,BCC,UFPI"
68,Utilitiesâ€”Regulated Electric,Utilities,95.06,58,82,85,53,"AEE,AEP,AGR"
69,Leisure,Consumer Cyclical,94.97,58,40,43,8,"PTON,FNKO,CUK,LTH,VSTO,OSW,JAKK,PLNT,HAS,BC,AOUT,MAT,FUN,POOL,PLBY,ESCA,GOLF,MANU,XPOF,YETI,SPWH,JOUT,CLAR"
70,REITâ€”Diversified,Real Estate,94.79,57,68,83,30,"AAT,ALEX,AHH"
71,Semiconductors,Technology,94.68,56,19,18,59,"SMTC,NVDA,SITM,AAOI,TSM,SKYT,MPWR,AVGO,TSEM,MRVL,GSIT,CRUS,ONTO,CEVA,MTSI,AOSL,AMD,SQNS,TXN,ADI,LASR,QCOM,MU,NXPI,ASX,HIMX,FORM,ON,SLAB,EMKR,WKEY,AMKR,RMBS,SWKS,NVEC,QRVO,MCHP,LSCC,UMC,MXL,POWI,ALGM,MRAM,SIMO,DIOD,LEDS,IMOS,VLN,SYNA,STM,VSH,MX,QUIK,INTC,WOLF,INTT,PXLW,WISA"
72,Thermal Coal,Energy,94.48,56,40,33,29,"HNRG,ARLP,CEIX,NRP,BTU,NC,ARCH"
73,Internet Content & Information,Communication Services,94.41,55,51,36,64,"DOYU,UXIN,CMCM,CANG,SPOT,DASH,DAO,GAIA,FENG,SMWB,CARG,MAX,TRUE,JFIN,Z,ZG,SOHU,IZEA,EVER,TWLO,ATHM,GENI,MOMO,ANGI,GOOGL,GOOG,TME,FVRR,WB,IAC,MTCH,YY,ABNB,PINS,TTGT,BIDU,THRY,ZH,YELP,GRPN,NTES,LZ,SNAP,SSTK,IQ,PERI,TC,TRVG,KRKR,LKCO,CDLX,SCOR"
74,Metal Fabrication,Industrials,94.09,54,67,58,66,"CRS,MLI,MEC,NWPX,VMI,ATI,HAYN,HIHO,AP,RYI,PRLB,IIIN,WOR,SGBX"
75,Insuranceâ€”Diversified,Financial Services,93.98,54,60,59,76,"ACGL,AEG,AIG,ACGLN,ACGLO"
76,Asset Management,Financial Services,93.73,53,57,66,48,"JXN,STEP,HLNE,KKR,VCTR,HNNA,CNS,OWL,BAM,BX,APO,TTP,BK,JHG,ASA,ARES,AMP,CG,BLK,KYN,NTG,NOAH,CHN,NTRS,CGO,TYG,CRF,RCS,GCMG,JRS,RCG,DPG,AMG,NDP,IGR,HTD,IDE,BTO,FHI,STT,BSIG,GLU,AWP,SII,TPZ,CCD,CLM,ERH,NRO,EMO,TWN,IVZ,EOI,FGB,CSQ,UTG,SEIC,EOS,GOF,JRI,CHW,ADX,NML,ECF,SCD,ETY,AB,GAM,SSSS,NMS,RQI,HPI,CET,IIF,SPE,HYB,HPF,BANX,AOD,GLQ,NPV,JPC,GGN,HIE,JCE,AGD,MPV,FOF,HQL,GLAD,GNT,BOE,FLC,GDV,ETJ,RNP,IAE,LGI,EDF,HQH,FT,ISD,NKX,LRFC,FPF,GLO,BDJ,JPI,ETG,FFC,FFA,MAIN,AEF,IHD,NCZ,ETV,MSD,EOD,ASG,LDP,NCV,NIE,IAF,MCI,BGH,DHF,GHY,APAM,HNW,TDF,DFP,DHY,PDT,GGZ,GRX,BCV,EMD,IGA,RGT,ETB,EMF,ARDC,ETO,CGBD,EVT,GLV,HEQ,MHI,ETW,TY,KSM,BUI,FRA,PFO,HPS,PFD,CCAP,RFI,DMO,MAV,BHK,KIO,UTF,JHI,EVV,CION,CHI,EXG,BST,GAB,NFJ,FSK,BGY,KTF,ACP,ARCC,BGB,BXMX,QQQX,DNP,CHY,MUI,INSI,CMU,IGD,NAZ,TEAF,USA,CEE,GCV,BGT,MUA,JQC,THQ,CXE,NMZ,BRW,DMF,MFM,NHS,BWG,DIAX,SPXX,JFR,HYT,NEA,GRF,NAN,JGH,NMT,CXH,NAD,JLS,FCO,CIF,IIM,PFX,BLW,BGX,BCSF,FTF,MYD,AWF,EVG,DSM,MQY,STK,BKN,EAD,HIO,RAND,ECC,PGP,CAF,NAC,ECCC,CII,VPV,BCX,IQI,VTN,BTZ,PGZ,RIV,MMT,NTRSO,GAIN,HYI,ACV,EOT,JHS,CIK,FCT,NBB,MHD,PML,LEO,HIX,FDUS,VLT,BSL,EVN,RVT,VFL,NEWT,NBH,AFB,MVF,PCQ,PMF,BNY,MHF,MIY,BHV,MVT,BLE,MUE,PSF,DSL,GBAB,EDD,DSU,GDL,NVG,PMX,JEQ,MUJ,GBDC,DMB,OIA,EIM,MHN,SAMG,BYM,MMU,FUND,PNF,VGI,BKT,MUC,MQT,MYI,FMY,MCR,PCN,NZF,SOR,MGF,GF,BFK,TROW,MYN,MMD,CSWC,PFN,VKQ,MPA,BTA,VRTS,BFZ,JMM,NMI,PHK,EFT,FMN,TSI,MIN,VKI,EVF,RMM,ERC,VGM,ETX,PCF,NOM,RMT,VCV,BME,PCK,PHT,BIT,DBL,BBN,PFL,TEI,EFR,PMO,NXJ,GECC,RA,EGF,NCA,PDI,PYN,PAI,SWZ,DTF,EEA,ENX,VBF,CEV,EHI,PMM,EVM,PTY,SCM,VMO,SRV,OPP,AVK,PEO,OXLCO,GDO,BGR,NUV,IFN,PNI,NIM,PHD,WEA,SBI,NXC,WIA,BTT,OCCIO,MCN,NXP,PFLT,PIM,PCM,WIW,IGI,OXLCP,PZC,NQP,DHIL,NNY,NXN,NRK,JOF,SAR,OXLC,SLRC,CUBA,THW,NUW,PNNT,PPT,OCCI,WHF,GGT,EQS,ICMB,SWKH,TSLX,KF,BUR,VINP,PSEC,NMFC,TRIN,OXSQ,GROW,VVR,GUT,BEN,PAX,HRZN,HFRO,TURN,MXE,MXF,OFS,TCPC,TPVG,LGHL"
77,Aerospace & Defense,Industrials,93.66,53,67,39,82,"RKLB,RDW,BYRN,AXON,TATT,ERJ,AVAV,VSEC,AIRI,BWXT,EH,CODA,KTOS,CVU,HEI,RTX,TDG,ESLT,LHX,TGI,LMT,DCO,WWD,SPR,GD,SIF,NOC,MRCY,ISSC,ATRO,PKE,HII,CAE,HXL,NPK,AIR,TXT,RGR,ASTC,IVAC,SWBI,BA,VTSI,POWWP,SPCE,POWW,DPRO,LILMW,LILM,UAVS"
78,Computer Hardware,Technology,93.62,52,10,17,67,"IONQ,QUBT,ANET,KTCC,DELL,DAKT,NTAP,HPQ,PSTG,WDC,CRCT,STX,CAN,OSS,SCKT,LOGI,SMCI,NNDM,EBON,ALOT,DDD,TACT,DM,SSYS,INVE,CRSR,QMCO"
79,Tobacco,Consumer Defensive,93.32,51,49,40,45,"TPB,PM,MO,BTI,UVV,RLX,KAVL"
80,Drug Manufacturersâ€”General,Healthcare,93.1,51,77,95,57,"ABBV,AMGN"
81,REITâ€”Residential,Real Estate,93.04,50,53,82,43,"AIV,AMH"
82,Insuranceâ€”Life,Financial Services,92.82,49,56,45,25,"AFL,AAME"
83,Waste Management,Industrials,92.8,49,35,64,69,"PESI,CLH,SRCL,GFL,AWX,RSG,WM,CWST,WCN,QRHC,MEG,AQMS"
84,Apparel Manufacturing,Consumer Cyclical,92.77,48,70,51,38,"HBI,GIL,VFC,RL,KTB,UAA,UA,VNCE,FIGS,SGC,LAKE,LEVI,JRSH,PVH,COLM,XELB,GOOS,OXM,CPRI"
85,Biotechnology,Healthcare,92.68,48,31,38,77,"MNPR,CAPR,SMMT,CRVS,LBPH,SGMO,CRMD,TIL,RNA,RZLT,VKTX,SRRK,MBRX,WVE,ADMA,CADL,MESO,EWTX,NRIX,OCUL,TVTX,APLT,IGMS,NTRBW,ETON,BNTC,LPTX,INSM,PRAX,CKPT,PRQR,OPT,TARS,PTGX,IKT,NTRB,VRNA,ALDX,TGTX,PHAT,KYMR,ANNX,LUMO,EQ,ALRN,CMMB,CNTA,CDXC,FHTX,STOK,CORT,DSGN,JSPR,COGT,VERA,ENTX,ELDN,CRDF,AKRO,DYN,RVMD,ZLAB,ATNF,OMER,PCVX,ARQT,MIGI,NKTR,AGIO,ADCT,IOVA,NVAX,VCYT,MNKD,ABEO,BYSI,XERS,PTCT,DMAC,KZIA,LGND,ABUS,KOD,ALNY,CCCC,ZYME,GNFT,ABSI,GERN,VRDN,YMAB,HRMY,ALT,CPRX,DNLI,GANX,IBIO,RIGL,LPCN,MRUS,SLNO,XOMA,BCRX,AKBA,ASMB,LOGC,ATOS,TLSA,RVNC,BMEA,ADAG,LRMR,BHVN,TRVI,CASI,CRNX,MREO,UTHR,CUE,REPL,NUVL,MDWD,BGNE,KROS,OCGN,RYTM,VYNE,ADXN,ITRM,BNTX,IBRX,CDMO,EXEL,ESPR,RARE,MNMD,MIRM,PYXS,INCY,GOSS,XTLB,ARGX,MOLN,INVA,GLSI,XBIT,SRZN,ADPT,ANAB,CDXS,MNOV,PHVS,AUPH,HALO,GBIO,RFL,BCYC,SLN,LXRX,KRYS,SAVA,ACHL,SLS,NUVB,TARA,MGTX,ANVS,AXSM,KNSA,ACRS,ITCI,CGEN,GALT,TERN,ROIV,INM,HCM,EYPT,KURA,HRTX,ALLK,OCX,COCP,PIRS,XNCR,PULM,CGEM,VXRT,ARDX,VRTX,KALA,QURE,ARVN,NAUT,LQDA,XOMAP,FOLD,MDGL,RCUS,AUTL,BCAB,VCEL,GLYC,XOMAO,AVXL,SEER,FBIO,IMUX,TYRA,ALVR,SIGA,ASND,HOTH,ACHV,NXTC,XENE,ONCY,DARE,ALKS,NNVC,PRTG,CDTX,INZY,BPMC,APRE,SRPT,CMRX,MRKR,PMVP,MRSN,RGLS,PLRX,IKNA,KZR,IFRX,CLSD,VNDA,STRO,LVTX,RLMD,CLNN,DAWN,SNDX,XLO,TECH,ABOS,REGN,ORIC,ORMP,CERS,KALV,XCUR,CANF,VTVT,SPRO,RPTX,CYTK,RPRX,IMVT,CYCN,ACIU,CLLS,ALLO,CNTB,VERU,KPTI,XBIO,JAZZ,PLX,CRSP,GLPG,EPIX,NVO,TENX,GTBP,SLGL,AVIR,ETNB,ENTA,ENLV,RXRX,PMCB,IVA,GNPX,SCPH,TSHA,PHAR,IMNM,ALEC,MRVI,BEAM,CRBP,IMTX,TBPH,LTRN,IMMP,VYGR,KRON,HOWL,ADVM,IMRN,BBIO,MIST,GLMD,AKTX,LIXT,PRTC,OLMA,SWTX,LCTX,ACET,ARTL,URGN,PSTX,ARMP,PDSB,UBX,NBIX,VSTM,LEGN,VIR,PSTV,GOVX,MEIP,BMRN,GHRS,IONS,AMRN,SVRA,SNSE,PYPD,GMAB,DTIL,VTGN,CVAC,ARCT,CLDX,IMAB,CLRB,NRBO,ADIL,UNCY,IDYA,VERV,CYBN,RANI,CLGN,RLAY,ANEB,ICCC,IPHA,RCKT,INO,SPRB,PBYI,ABCL,CSBR,EDSA,EVAX,NBTX,DYAI,ARWR,FATE,VALN,SANA,BOLT,ATAI,BDTX,CRIS,TFFP,PTIX,AYTU,ADAP,NERV,SYBX,PRTA,ACAD,ACXP,PHIO,INMB,NKTX,AFMD,ABVC,OTLK,ITOS,CYCCP,ENVB,OVID,AIM,CERT,IMCR,PASG,SNPX,MBIO,TNGX,RGNX,TNYA,CTMX,FENC,HOOK,LGVN,CVM,ENSC,PGEN,SAGE,DBVT,SNGX,MCRB,QSI,PALI,APLS,INDP,NTLA,OMGA,ATHE,FBIOP,RVPH,BCTX,IPSC,TTNP,RLYB,ATRA,XFOR,XRTX,ALGS,AVTE,MRNA,VCNX,BCDA,PTN,NBY,MGNX,APM,SYRS,LYEL,EDIT,PCSA,VOR,HEPA,ATXI,BLRX,FULC,SONN,CARA,CTXR,FDMT,NRXP,SLRX,AGEN,GLTO,BCLI,EYEN,FGEN,CGTX,VINC,IPA,BIVI,TPST,ZNTL,APTO,NLSP,EVGN,PRLD,JAGX,BLUE,CABA,BTAI,CHRS,BPTH,VIRX,LYRA,APVO,RAPT,NCNA,STTK,VRPX,PHGE,PPBT,DNA,FBRX,QLGN,VRCA,MTNB,ATNM,CYCC,INAB,ALZN,ALXO,OGEN,MTEM,ONCT,ATHA,CNSP,UPC,TNXP,MRNS,WINT,ADTX"
86,Insuranceâ€”Specialty,Financial Services,92.26,47,49,41,80,"AMSF,AIZ,ACT,AGO,AMBC"
87,Airports & Air Services,Industrials,92.01,46,16,16,69,"BLDE,CAAP,AER,PAC,ASR,OMAB,ASLE"
88,Software—Infrastructure,Technology,91.57,46,27,30,56,"PLTR,CLBT,VERI,OPRA,FOUR,GDDY,RXT,ORCL,TOST,AVPT,WIX,DOCN,NVEI,FFIV,OSPN,VRNS,NTNX,BAND,CRWD,FTNT,SQ,CYBR,S,BLIN,YEXT,SCWX,PANW,NET,RDWR,BOX,STER,ATEN,ZUO,SWI,CHKP,BL,VHC,MSFT,ZS,DOX,MQ,CGNT,EVCM,NTCT,EEFT,CSGS,DBX,SNPS,TUYA,CFLT,TENB,VRSN,TCX,ZENV,RPAY,SPSC,WEX,MDB,EVTC,BB,DTSS,OKTA,STNE,BASE,PATH,QLYS,VRNT,ETWO,PAGS,SOS,DAVA,KPLT,FIVN,REKR,TIXT,TAOP,STEM,CETX"
89,Packaging & Containers,Consumer Cyclical,91.46,45,58,64,74,"UFPT,PKG,IP,ATR,AMCR,BERY,GPK,CCK,AMBP,KRT,SLGN,REYN,PACK,SEE,PTVE,GEF,SON,OI,MYE"
90,Resorts & Casinos,Consumer Cyclical,91.43,45,22,15,8,"BALY,BYD,LVS,MCRI,CZR,WYNN,MGM,PENN,RRR,MLCO,PLYA,FLL,CNTY,MSC,GDEN,HGV,VAC,MTN"
91,Tools & Accessories,Industrials,91.39,44,55,50,66,"EML,SNA,CVR,GFF,KMT,TKR,SWK,LECO,TTC"
92,Specialty Business Services,Industrials,91.29,43,35,83,51,"TISI,SGRP,BV,PFMT,CTAS,VVI,RBA,QUAD,ARC,CVEO,ABM,KODK,FA,PAYS,CBZ,ACTG,UNF,MMS,CASS,CPRT,GPN,DSS,DLHC,WHLM,AGFY,OMEX,EJH"
93,Luxury Goods,Consumer Cyclical,91.02,43,6,6,6,"MYTE,TPR,SIG,FOSL,MOV,BGI,CTHR"
94,Advertising Agencies,Communication Services,90.31,42,61,61,81,"NCMI,ICLK,XNET,MGNI,QNST,CRTO,WIMI,WPP,OMC,MCHX,CCO,DLX,IPG,FLNT,CPOP,CMPR,TSQ,ADV,EEX,INUV,BAOS,CNET"
95,Electronics & Computer Distribution,Technology,90.28,41,50,70,72,"AVT,SCSC,ARW,CNXN,TAIT"
96,Utilities—Diversified,Utilities,90.26,41,59,69,22,"PEG,BIP,MGEE,CIG,BKH,SRE,UTL,EXC,AVA,NWE,MNTK,ELP,OTTR,HE"
97,Medical Care Facilities,Healthcare,90.24,40,47,67,47,"AVAH,PNTG,THC,TALK,MD,DVA,ENSG,ADUS,EHC,NHC,UHS,HCA,CYH,LFST,INNV,SEM,AMS,SGRY,FMS,SMTI,HCSG,BKD,CHE,JYNT,OPCH,AMED,ATIP,ICCM,CCEL,USPH,CCM,CMPS,RHE,ACHC,AMN,MODV,OTRK,AGL,NVOS"
98,REIT—Industrial,Real Estate,90.17,40,61,84,28,"IIPR,EXR,PSA,NSA,CUBE,LANDO,FR,SELF,LANDM,ILPT,TRNO,EGP,PLD,STAG,LAND,COLD,MNR,REXR,PLYM"
99,Specialty Retail,Consumer Cyclical,89.99,39,27,33,23,"EVGO,WOOF,HNST,GME,BBW,LE,SBH,REAL,DKS,RH,BBY,ELA,BARK,WSM,MUSA,TSCO,ORLY,BQ,HZO,AZO,MNSO,KAR,WINA,ASO,SFIX,ULTA,YSG,BWMX,KIRK,FLWS,FIVE,GPC,BLNK,BBWI,ODP,CHPT,BGFV,EYE,AAP,TCS,BNED,LIVE,NVVE"
100,Consulting Services,Industrials,89.89,38,48,68,51,"CRAI,TRU,BAH,ICFI,EFX,TRI,VRSK,EXPO,HURN,FC,FCN,GRNQ,FORR,RGP,BWMN"
101,Medical Instruments & Supplies,Healthcare,89.89,38,45,32,12,"PLSE,ICUI,PDEX,BLFS,GKOS,ISRG,LMAT,OMIC,MASI,RMD,FEMY,MMSI,WRBY,COO,ALC,NYXH,ATRC,KRMD,NURO,TFX,NVCR,HOLX,ANGO,STXS,MLSS,BAX,BDX,WST,NVST,DXR,AKYA,MBOT,UTMD,RGEN,HAE,IRTC,OSUR,INFU,STAA,EKSO,XRAY,STVN,HBIO,RVP,NEPH,POAI"
102,Entertainment,Communication Services,89.83,37,34,37,31,"CNK,NFLX,HUYA,LYV,MCS,ROKU,RSVR,MSGE,LBRDK,LBTYB,LBRDA,MSGS,IMAX,LBTYA,EDR,LBTYK,RSVRW,LBRDP,WOW,CMCSA,DIS,WMG,BATRK,BATRA,AMC,CHTR,RDI,KUKE,HOFV,DLPN,RDIB,LVO"
103,Utilities—Regulated Water,Utilities,89.61,37,53,67,40,"ARIS,ZWS,CDZIP,PCYO,SBS,MSEX,AWR,AWK,GWRS,CDZI,CWT,WTRG,SJW,YORW,CWCO"
104,REITâ€”Mortgage,Real Estate,89.35,36,42,79,55,"ACR,ABR,ARR,AGNC,AGNCP,AGNCM,AGNCO,AGNCN,ARI,AOMR,ACRE,AJX"
105,Conglomerates,Industrials,89.23,35,44,43,84,"IRS,NNBR,CRESY,BBU,IGC,CODI,SPLP,STCN,TRC,SEB,IEP,MATW"
106,"Furnishings, Fixtures & Appliances",Consumer Cyclical,89.14,35,46,74,79,"FLXS,LOVE,TILE,VIRC,MHK,LZB,AMWD,BSET,TPX,HOFT,WHR,KEQU,SNBR,EFOI,NTZ,LEG,PRPL,LCUT,NVFY"
107,Farm Products,Consumer Defensive,89.11,34,43,54,54,"VITL,CALM,LMNR,FDP,AGRO,BHIL,AVO,CHSCL,CHSCO,CHSCM,CHSCN,CHSCP,TSN,VFF,ADM,ALCO,BG,LND,AQB,SANW"
108,REIT—Mortgage,Real Estate,89.1,33,41,44,41,"MFA,MITT,CIM,DX,TRTX,LFT,LOAN,EARN,NLY,RWT,NYMTL,KREF,NYMTN,IVR,NYMTM,BXMT,LADR,ORC,CHMI,STWD,PMT,SEVN,TWO,SACH,GPMT,NYMT,RC"
109,Utilities—Regulated Gas,Utilities,89.04,33,48,46,40,"BIPC,NI,ATO,CPK,OGS,SWX,NJR,SR,NWN,UGI,RGCO,SPH,NFE"
110,Industrial Distribution,Industrials,88.94,32,43,41,88,"AIT,GWW,FAST,DXPE,WCC,WSO,PKOH,CNM,FERG,SITE,EVI,GIC,TRNS,MSM,TITN"
111,Beverages—Non-Alcoholic,Consumer Defensive,88.93,32,45,72,70,"PRMW,COKE,CCEP,KO,KDP,FIZZ,MNST,PEP,OTLY,KOF,CELH"
112,Integrated Freight & Logistics,Industrials,88.87,31,36,28,12,"CHRW,FWRD,XPO,ZTO,RLGT,ATSG,FDX,JBHT,HUBG,AIRTP,LSTR,EXPD,UPS,AIRT,CYRX"
113,Scientific & Technical Instruments,Technology,88.71,30,22,9,21,"COHR,GNSS,ITRI,GRMN,ESE,TRMB,TDY,KEYS,NOVT,MLAB,FARO,ZEPP,MKSI,CGNX,FTV,ELSE,VNT,SOTK,ST,WRAP,MVIS,VPG,MIND,FCUV,WATT,LUNA"
114,Semiconductor Equipment & Materials,Technology,88.61,30,7,22,75,"NVMI,AMBA,OLED,DQ,ACMR,CAMT,KLAC,AMAT,TRT,ASYS,AXTI,TER,XPER,KLIC,LRCX,PLAB,IPGP,ENTG,AEHR,UCTT,VECO,ICHR,ASML,COHU,ACLS,ATOM"
115,Restaurants,Consumer Cyclical,88.39,29,25,12,29,"EAT,KRUS,RAVE,TXRH,SHAK,LOCO,CAKE,WING,YUMC,ARMK,NATH,BJRI,CMG,SBUX,WEN,DRI,GTIM,MCD,CNNE,YUM,DPZ,QSR,BH,PLAY,PZZA,BDL,CBRL,FAT,ARCO,PBPB,FATBB,RICK,RRGB,JACK,DENN,ARKR,DIN,FATBP,BLMN,STKS,WNW,NDLS"
116,Electronic Gaming & Multimedia,Communication Services,88.38,29,17,14,13,"SE,BILI,GDEV,NCTY,VS,RBLX,TTWO,EA,PLTK,GIGM,INSE,SKLZ,GRVY,BRAG,MYPS,MSGM,GAME,BHAT"
117,Department Stores,Consumer Cyclical,88.35,28,25,32,83,"JWN,DDS,M,KSS"
118,Drug Manufacturers—General,Healthcare,87.94,27,46,58,27,"LLY,GILD,BMY,SNY,GRFS,NVS,JNJ,AZN,GSK,PFE,OGN,MRK,BIIB"
119,Drug Manufacturers—Specialty & Generic,Healthcare,87.7,27,17,29,26,"EBS,HROW,RMTI,FLGC,PAHC,EOLS,TEVA,SNDL,SUPN,OGI,BHC,DRRX,CTLT,ORGO,SLDB,COLL,INCR,VTRS,ZTS,KMDA,ELAN,RDY,TAK,CRON,EVOK,DVAX,THTX,ASRT,CPHI,TLRY,PRGO,AVDL,RDUS,ZOM,TXMD,CGC,IMCC,CPIX,YCBD,SCYX,OPTN,PCRX,SNOA,PROC,CYTH,PTPI,PRPH,RDHL,IRWD,SXTC,PRFX,XXII"
120,Specialty Chemicals,Basic Materials,87.66,26,28,11,33,"GEVO,FSI,TG,HWKN,TSE,CBT,AVNT,ECL,IFF,ESI,RPM,KRO,SHW,SXT,BCPC,DD,LIN,WDFC,AXTA,ODC,NEU,FUL,AVTR,PPG,ASH,WLK,IOSP,LYB,LWLG,NTIC,ALTO,ALB,SCL,KWR,OLN,CNEY,CMT,KOP,NGVT,HDSN,CC,ECVT,OEC,DNMR,LOOP,GPRE,GURE,SNES,CRKN"
121,Utilitiesâ€”Diversified,Utilities,87.52,25,70,48,61,"ALE,AES"
122,Footwear & Accessories,Consumer Cyclical,87.38,25,59,56,67,"WWW,DECK,RCKY,SHOO,WEYS,SKX,CROX,CAL,FL,NKE,VRA,FORD"
123,Paper & Paper Products,Basic Materials,87.23,24,19,35,72,"SLVM,GLT,ITP,SUZ,MERC,CLW"
124,Insurance Brokers,Financial Services,87.22,24,29,77,20,"BRO,ERIE,CRVL,AON,AJG,SLQT,MMC,HUIZ,GOCO,EHTH,TIRX,RELI"
125,Marine Shipping,Industrials,87.15,23,58,85,95,"ZIM,NMM,KEX,ESEA,SHIP,MATX,CMRE,GSL,DAC,GOGL,PSHG,KNOP,SB,GNK,PXS,CTRM,GASS,GLBS,EDRY,SBLK,SFL,PANL,INSW,NAT,TOPS,ASC,DSX,SMHI"
126,Broadcasting,Communication Services,87.04,22,14,30,18,"CURI,SBGI,FOXA,FOX,FWONA,NWS,MDIA,FWONK,NWSA,TGNA,FUBO,NXST,TV,IHRT,BBGI,EVC,GTN,SGA,SIRI,AMCX,SSP,SJ,UONEK,UONE,CMLS"
127,Security & Protection Services,Industrials,86.94,22,39,46,71,"NL,MG,CIX,BCO,BRC,ALLE,ADT,NSSC,REZI,SNT,VRRM,VRME,ARLO,MSA,UUU,SPCB,BKYI,EVLV,DGLY"
128,Discount Stores,Consumer Defensive,86.6,21,38,71,49,"WMT,COST,BJ,PSMT,OLLI,TGT,DG,DLTR"
129,Oil & Gas Integrated,Energy,86.28,20,29,37,79,"YPF,TGS,IMO,NFG,SU,SLNG,XOM,CVX,AE,E,TTE,EQNR,CVE,PBR,BP,EC,SSL"
130,Apparel Retail,Consumer Cyclical,86.12,20,33,49,45,"ONON,VSCO,BOOT,BURL,ANF,PLCE,CATO,BKE,SCVL,TJX,GIII,ZUMZ,ROST,AEO,GCO,LULU,CTRN,URBN,DLTH,CRI,JILL,GES,CURV,DXLG,TLYS,DBI,DBGI"
131,Education & Training Services,Consumer Defensive,85.61,19,30,55,64,"COE,APEI,LRN,ATGE,AMBO,FEDU,LINC,UTI,SKIL,BEDU,AACG,GHC,TAL,LAUR,PRDO,LOPE,IH,AFYA,WAFU,EDTK,EDU,STRA,YQ,GOTU,STG,VSTA,LXEH,EEIQ,COUR,CLEU,CHGG"
132,Medical Devices,Healthcare,85.27,19,11,11,11,"PRCT,AXGN,BFLY,CLPT,DCTH,SRTS,BWAY,ELMD,ECOR,LNSR,MYO,SGHT,RXST,INGN,PODD,GMED,BSX,BSGM,ITGR,VMD,IRMD,TNDM,AHCO,OFIX,INSP,MDT,OWLT,SYK,TCMD,IINN,ESTA,AVNS,AXNX,BIO,SNN,ABT,PEN,NMTC,TMDX,SRDX,RCEL,LIVN,ANIK,EW,LUCD,STE,SMLR,VVOS,NARI,INMD,RBOT,KIDS,CTSO,ZYXI,ZBH,ALGN,FONR,NNOX,ARAY,LUNG,BRKR,CNMD,MDXG,SIBN,PROF,VREX,QTRX,APYX,PAVM,SSKN,NPCE,NAOV,NVNO,XTNT,QIPT,IART,IRIX,AEMD,MOVE,ATEC,MASS,TELA,TMCI,XAIR,RSLS,EDAP,NVRO,VERO,AVGR,NUWE,SINT,CUTR,HSDT,OM"
133,Diagnostics & Research,Healthcare,85.11,18,37,35,16,"PSNL,BVS,CDNA,NTRA,CSTL,RDNT,LNTH,SERA,XGN,TWST,AXDX,OPK,SHC,ILMN,EXAS,DGX,ANIX,PHG,CELC,MYGN,CODX,LH,PRPO,BDSX,WAT,MTD,A,DHR,MEDP,TMO,QGEN,IQV,IDXX,ENZ,STRRP,NEOG,PMD,NEO,MXCT,GH,FLGT,CRL,TRIB,DXCM,ICLR,STRR,QDEL,PACB,NOTV,SENS,VNRX,DRIO,BMRA,GENE,ONVO,NRC,STIM,CHEK,ME,AWH,BNGO,APDN,BNR,TTOO,NDRA"
134,Textile Manufacturing,Consumer Cyclical,84.96,17,51,27,9,"UFI,CULP,CRWS,AIN"
135,Home Improvement Retail,Consumer Cyclical,84.68,17,24,16,35,"LOW,HD,FND,TTSH,GRWG,HVT,LESL"
136,REIT—Hotel & Motel,Real Estate,84.56,16,24,23,17,"IHT,FCPT,XHR,BHR,RHP,DRH,INN,HST,SHO,PK,SOHOB,SOHON,SOHO,SOHOO,PEB,CLDT,RLJ,SVC"
137,Trucking,Industrials,84.49,16,21,34,11,"ULH,SAIA,SNDR,BEST,CVLG,KNX,ODFL,WERN,TFII,HTLD,ARCB,MRTN,PTSI,YGMZ"
138,Steel,Basic Materials,84.41,15,26,22,53,"USAP,MSB,STLD,MT,CMC,RS,ZKIN,X,GGB,TX,FRD,NUE,PKX,SID,CLF,SIM,HUDI,ZEUS"
139,Oil & Gas E&P,Energy,83.88,14,18,19,49,"TPL,CNX,PNRG,BATL,CLMT,VIST,CRK,USEG,INDO,EPSN,DMLP,MGY,KRP,PHX,MXC,CRC,GPOR,EQT,CNQ,PED,REPX,FANG,SBR,MRO,CKX,EOG,EGY,AR,SM,EPM,BSM,RRC,AMPY,NEXT,MVO,VOC,PVL,HES,NOG,CTRA,PRT,COP,GPRK,SJT,GTE,PBT,HPK,REI,MTDR,DVN,VET,OVV,HUSA,CRT,OXY,WTI,SD,BRN,TALO,BRY,MUR,APA,MTR,KOS"
140,Utilities—Renewable,Utilities,83.85,14,30,20,30,"BEPC,ORA,AY,BEP,CWEN,ELLO,RNW,CREG,NEP,HTOO"
141,Confectioners,Consumer Defensive,83.8,13,8,5,5,"RMCF,MDLZ,TR,HSY"
142,Agricultural Inputs,Basic Materials,83.64,12,16,17,32,"RKDA,SMG,IPI,CTVA,CF,SEED,FMC,ICL,NTR,UAN,MOS,CGA,MGPI,BIOX,AVD"
143,Household & Personal Products,Consumer Defensive,82.48,12,14,25,14,"HIMS,UG,CLX,UL,NWL,SPB,CL,KMB,PG,CHD,ACU,MTEX,IPAR,EPC,HELE,USNA,EL,NATR,ELF,COTY,SKIN,EWCZ,NUS,TANH"
144,Farm & Heavy Construction Machinery,Industrials,82.13,11,9,14,35,"REVG,CAT,UGRO,GENC,PCAR,MNTX,DE,HY,SHYF,OSK,AGCO,TEX,LNN,ALG,ARTW,ASTE,CMCO,HYFM,WNC,MTW,TWI,LEV,XOS"
145,Auto Parts,Consumer Cyclical,81.78,11,15,19,17,"HYLN,MOD,STRT,ALSN,CAAS,MLR,DORM,AEVA,GNTX,BWA,MNRO,ALV,CPS,QS,GTX,TEN,APTV,MGA,XPEL,LKQ,PLOW,SUP,WKSP,VC,AXL,THRM,SMP,DAN,LEA,LIDR,MPAA,SYPR,WPRT,GT,ADNT,INVZ,FRSX,KNDI,SRI,CVGI"
146,Staffing & Employment Services,Industrials,81.05,10,12,20,19,"HSII,BBSI,KFY,ADP,PAYX,UPWK,MHH,HQI,ASGN,BZ,IPDN,RHI,KELYB,KELYA,ZIP,HSON,KFRC,MAN,BGSF,TNET,NSP,DHX,STAF,JOB,TBI,CCRN"
147,Recreational Vehicles,Consumer Cyclical,80.84,9,9,4,3,"REE,PATK,MBUU,CWH,THO,LCII,ONEW,HOG,MPX,WGO,PII,MCFT,DOOO,FOXF,VEEE,EZGO,VMAR"
148,Auto & Truck Dealerships,Consumer Cyclical,80.31,9,12,13,4,"LAD,RUSHA,GPI,KFS,SAH,RMBL,DRVN,RUSHB,ABG,KMX,AN,PAG,CARS,VRM,CRMT,KXIN,JZXN"
149,Shell Companies,Financial Services,80.26,8,8,10,7,"WINV,JWSM,PFTAU,PFTA,HYAC,MTAL,CLBR,WALD,SWAG,NXU,KORE"
150,Medical Distribution,Healthcare,78.92,8,20,38,25,"PBH,CAH,HSIC,GEG,MCK,PDCO,OMI"
151,Beverages—Wineries & Distilleries,Consumer Defensive,78.78,7,1,3,4,"NAPA,DEO,STZ,WVVIP,WVVI,EAST"
152,Oil & Gas Equipment & Services,Energy,77.85,6,13,31,60,"PFIE,FTK,AROC,TUSK,VTOL,WTTR,BKR,WHD,RNGR,NGS,RCON,FTI,DWSN,NCSM,TS,SND,GEOS,MRC,GIFI,OII,CLB,MARPS,USAC,NR,DNOW,CHX,HLX,NOA,SLB,LBRT,PUMP,RES,NOV,HAL,NRT,WFRD,OIS,FET,TDW,TTI,TH,VAL,XPRO,BOOM,ENSV,KLXE,NINE"
153,Pharmaceutical Retailers,Healthcare,77.5,6,4,2,70,"HITI,SSY,LFMDP,GNLN,PETS,CJJD,LFMD,YI,WBA"
154,Beverages—Brewers,Consumer Defensive,76.99,5,11,7,6,"BUD,CCU,SAM,TAP,FMX,SBEV"
155,Coking Coal,Basic Materials,75.78,4,6,8,91,"AREC,HCC,SXC,METC,AMR"
156,Auto Manufacturers,Consumer Cyclical,72.79,4,3,0,3,"BLBD,GM,XPEV,TSLA,RACE,NIU,LI,NIO,F,HMC,TM,AYRO,STLA,GP,WKHS,NKLA,GOEV,VLCN,HYZN"
157,Health Information Services,Healthcare,71.73,3,5,3,2,"ICAD,OMCL,RCM,HCTI,HQY,VEEV,HCAT,HSTM,PINC,SY,GDRX,EVH,PHR,PRVA,WORX,SOPH,SDGR,FORA,ZCMD,SLP,TDOC,AMWL,TXG,ACCD,OPRX,PGNY,STRM,CMAX"
158,Oil & Gas Refining & Marketing,Energy,68.75,3,3,6,54,"VVV,CLNE,CAPL,REX,SUN,PSX,VLO,MPC,UGP,AMTX,NGL,CSAN,DK,PBF,CVI,PARR,BPT"
159,Solar,Technology,68.57,2,4,0,1,"SOL,FTCI,FSLR,JKS,RUN,SPI,BEEM,ENPH,CSIQ,NOVA,SHLS,ARRY,VVPR,SEDG,MAXN"
160,Oil & Gas Drilling,Energy,65.93,1,2,12,19,"HP,PDS,NBR,BORR,PTEN,RIG"
161,Financial Conglomerates,Financial Services,65.12,1,0,21,62,"JEF,VOYA,RILYP,RILYL,RILY"
162,REITâ€”Hotel & Motel,Real Estate,63.24,0,1,1,1,"APLE,AHT"
163,Utilitiesâ€”Renewable,Utilities,50.52,0,0,9,0,"AQN,ADN"
